OBJNAME,REGION,RA,DEC,DIAM,PA,BA,MAG,REASON
WISEA J141845.19+555227.2,dr9-north,214.68833333333333,55.87422222222222,1.1,135.0,0.8,11.87,SGA2020
WISEA J030819.93-364218.8,dr11-south,47.083166666666656,-36.705222222222226,0.8,70.0,0.78,12.554,Dropped after vicuts
