OBJNAME,REGION,RA,DEC,DIAM,PA,BA,MAG,REASON
WISEA J141845.19+555227.2,dr9-north,214.68833333333333,55.87422222222222,1.1,135.0,0.8,11.87,SGA2020
