OBJNAME,REGION,RA,DEC,DIAM,PA,BA,MAG,REASON
WISEA J111632.34+291633.5,dr11-south,169.13470833333335,29.275972222222222,0.9,113.2,0.83,14.9,SGA2020 dropped
