OBJNAME,REGION,RA,DEC,DIAM,PA,BA,MAG,REASON
WISEA J111632.34+291633.5,dr11-south,169.13470833333335,29.275972222222222,0.9,113.2,0.83,14.9,SGA2020 dropped
AM 0517-250 NED02,dr11-south,79.95699999999998,-25.10552777777778,0.664,59.7,0.390,16.375,SGA2020
SSTSL2 J103723.18-271029.1,dr11-south,159.34654166666664,-27.175305555555557,0.664,48.0,0.363,18.960,HYPERLEDA
I Zw 167 NOTES02,dr9-north,252.30299999999997,53.40511111111111,0.664,120.0,1.000,15.340,LIT
