OBJNAME,REGION,RA,DEC,DIAM,PA,BA,MAG,REASON
UGC 03730 NED02,dr11-north,108.58466666666665,73.47341666666667,2.2,128.3,0.640,13.700,SGA2020
