OBJNAME,REGION,RA,DEC,DIAM,PA,BA,MAG,REASON
CGCG 375-043 NED02,,322.212327,1.258290,2.0,12.0,0.44,14.0,SGA2020
WISEA J131611.45-393109.8,dr11-south,199.047717,-39.519403,1.0,0.0,1.0,14.0,NED
