# OBJNAME,REGION,RA,DEC,DIAM,PA,BA,MAG,REASON
WISEA J022050.79-314858.5,dr11-south,35.21170833333333,-31.81625,0.6,105.0,0.78,12.859,Dropped after vicuts
WISEA J171643.31+485541.3,dr9-north,259.180462,48.928161,0.5,0.0,1.0,14.0,VI added
