OBJNAME,REGION,RA,DEC,DIAM,PA,BA,MAG,REASON
NGC 0232 E,dr11-south,10.720041666666663,-23.541027777777778,1.729,109.7,0.523,14.086,SGA2020
2MASX J03294710-2901511,dr11-south,52.44616667,-29.03088889,0.8,0.0,1.000,18.000,VI
WISEA J033008.05-553121.3,dr11-south,52.533624999999994,-55.522555555555556,0.7,37.0,0.851,17.260,HYPERLEDA
