OBJNAME,REGION,RA,DEC,DIAM,PA,BA,MAG,REASON
DESI J104.9250+42.9564,dr9-north,104.92506254937851,42.9564867901046,0.781,54.3,0.73,17.8,VI
