OBJNAME,REGION,RA,DEC,DIAM,PA,BA,MAG,REASON
DESI J104.9250+42.9564,dr9-north,104.92506254937851,42.9564867901046,0.781,54.3,0.73,17.8,VI
MRK 0191,dr9-north,178.28758333333332,70.43427777777778,1.3,85.0,0.300,15.100,LIT
DESI J045.9747-12.9435,dr11-south,45.97478531128789,-12.943594272619528,0.8,56.0,0.52,18.0,VI
