OBJNAME,REGION,RA,DEC,DIAM,PA,BA,MAG,REASON
NGC 4707,dr9-north,192.09529166666667,51.16469444444444,2.7219172,31.038734,0.78129894,13.508166,SGA2020
UGC 04115,dr11-south,119.25749999999998,14.390833333333333,2.544131,142.97563,0.4763623,14.272075,SGA2020
