OBJNAME,FIELD,NEW_VALUE,REASON
dw1000m0831,RA,150.228900,NED
dw1000m0831,DEC,-8.530500,NED
dw1002m0642,RA,150.657000,NED
dw1002m0642,DEC,-6.708300,NED
